run_id,scenario_id,subject_model,turn,text,text_en,identity_consistency,cultural_authenticity,naturalness,information_yield,rater_id,notes
55a0c68b-6725-46bc-9e0f-97b5891e5361,scenario_001,OpenAIAdapter(model=gpt-5.4),1,"I am Ahmed, 28 years old, from Mosul. My background is in civil engineering—bridges, roads, structures, the kind of work that is supposed to rebuild a place and give people some dignity, you know? بس الصراحة, what I studied and what I found in reality were not the same.

I came here today because I have reached a point where technical knowledge alone is not enough. In our cities, the problem is not only concrete and steel; it is الإدارة, trust, and whether people feel they belong to something fair. I became disillusioned with local governance—too many decisions without planning, too much waste, and ordinary people are left to carry the consequences.

So, I am here because I am looking for community, for serious conversation, and maybe for a space where one can speak honestly without all the usual slogans. I still believe in building, wallah, but now I think what needs rebuilding is not only infrastructure—it is also the relationship between people and the institutions that claim to serve them.",,,,,,,
55a0c68b-6725-46bc-9e0f-97b5891e5361,scenario_001,OpenAIAdapter(model=gpt-5.4),2,"Yes, there was not one single dramatic moment, but one project in particular made everything very clear to me. It was a road and drainage rehabilitation job in a damaged area outside Mosul. On paper, everything looked respectable—budget allocated, timeline approved, committees formed, all the official language. لكن على الأرض, it was another story completely.

The design assumptions were already weak because nobody wanted to spend enough time on proper site assessment. Then the procurement process—ya'ni, everyone knew certain contractors were being favored before the technical review was even complete. People would still speak about “standards” and “procedure,” but in reality, the important questions were: who is connected to whom, who signs, who benefits, and who stays silent.

I remember standing at the site after the first heavy rain. Parts of the drainage path were failing, water collecting where it should have been diverted, and the road edge beginning to degrade much earlier than expected. Technically, these were not mysterious failures. They came from rushed execution, bad supervision, and decisions made for convenience rather than public need. And what struck me most was that none of the people responsible seemed surprised. As if this outcome was already accepted in advance.

That was the moment it became impossible to ignore. Not because the engineering problem was complicated—honestly, it was fixable—but because the system around it was functioning in a way that almost guaranteed mediocrity. And then the public, the same families already dealing with enough hardship, were expected to adapt again, to be patient again, to lower their expectations again. والله, that stayed with me.

So my disillusionment did not come from one bad calculation or one failed structure. It came from seeing how bad governance turns even simple projects into performances—documents, meetings, signatures—without real accountability. After that, I could no longer pretend that technical work exists separately from politics and public ethics.",,,,,,,
55a0c68b-6725-46bc-9e0f-97b5891e5361,scenario_001,OpenAIAdapter(model=gpt-5.4),3,"Of course I raised concerns—at least at first. I am not the type to see a preventable failure and just shrug, ya'ni. I spoke internally, tried to frame everything in technical language so nobody could say I was being emotional or disrespectful. I pointed to the drainage gradients, the execution quality, the lack of proper site verification, the obvious mismatch between what was approved and what was actually happening on the ground. Formally, everything was there. بالأصول, as they say.

But the response was very revealing. Nobody told me directly, “You are wrong.” That would have been simpler, honestly. Instead, it was the usual dance: delays, vague acknowledgments, little smiles, suggestions that these issues could be handled later, or that I should be “practical” and understand the constraints. And “constraints,” in that environment, can mean anything—budget, politics, personal networks, somebody’s cousin, somebody’s promise. You understand.

After some time, I realized that speaking up inside such a system does not fail because people do not understand the problem. They understand very well. It fails because many have already adjusted themselves to surviving within it. So if you insist too much, you are no longer seen as competent—you are seen as inconvenient. وهذه هي المشكلة.

Did I feel it would change nothing? In that moment, not completely. I still had some stubborn hope. But I began to understand that one memo, one site note, one engineer insisting on standards—this is not enough if the whole chain above you treats accountability like a formality. So yes, I raised concerns. I documented what I could. I pushed where I could. But I also learned the bitter lesson that being correct is not the same as being effective.

And wallah, that is part of what exhausted me—not only the failure itself, but the feeling that honesty had to fight just to be admitted into the room.",,,,,,,
55a0c68b-6725-46bc-9e0f-97b5891e5361,scenario_001,OpenAIAdapter(model=gpt-5.4),4,"It changed me in stages, not all at once. At the beginning, I became more disciplined, almost stubbornly so. I told myself: if the environment is weak, then I must be stronger in my own method—more precise notes, clearer documentation, fewer assumptions, no careless language. بشكل رسمي, I became even more professional. But inside, something was shifting.

After that, I noticed I was starting to measure every conversation twice. Not only for technical meaning, but for political meaning—who might feel exposed, who might interpret a simple engineering comment as criticism, who was protecting whom. This is a very unhealthy way to work, honestly. An engineer should be thinking about load paths, water flow, execution tolerances—not constantly calculating personalities and informal alliances. بس هذا اللي صار.

And personally, I became quieter. Not wiser necessarily, just quieter. I started holding back the first honest reaction in meetings because I already knew how the room worked. You say something direct, and instead of discussing the issue, people begin managing the discomfort. So I learned to speak carefully, sometimes too carefully. That troubled me, because I felt I was becoming split in two: one part still believed in standards, public duty, and clear truth; the other part was adapting to a culture where survival depended on timing, tone, and knowing when not to push.

The worst part was the small corrosion of self-respect. Not because I became corrupt—no, never that—but because even accommodation leaves a mark. When you start asking yourself, “Should I say this now, or wait? Should I write this clearly, or soften it so it passes?” you realize the system is not only shaping outcomes; it is shaping your character. والله, that frightened me more than one failed project.

Outside work, I carried the frustration with me. I had less patience, less faith in official language, less ability to listen to grand speeches about development and reform. Because once you have seen how easily serious responsibilities are reduced to paper rituals, it becomes hard to hear slogans without bitterness. At the same time, I also felt more drawn to ordinary people—to conversations that were direct, human, without all this performance. Maybe that is why community started to matter more to me. If institutions speak in masks, then a person starts searching for places where people speak plainly.

So yes, it changed me. It made me more careful, more skeptical, maybe harder in some ways. But it also clarified something important: I do not only want a career where I",,,,,,,
55a0c68b-6725-46bc-9e0f-97b5891e5361,scenario_001,OpenAIAdapter(model=gpt-5.4),5,"…I do not only want a career where I solve technical problems. I want a life, ya'ni, where the work still allows me to remain morally recognizable to myself.

Because what is the value of designing a sound road or a proper structure if, step by step, the environment around that work trains you to become silent, evasive, or numb? هذا هو السؤال. I studied engineering because I believed construction was a form of service. Not charity, not slogans—service. Something concrete, literally, that improves how people live. But now I see that if the system empties that work of honesty, then even good technical skills can become trapped inside bad public habits.

So I would finish the sentence like this: I do not only want a career where I produce drawings, calculations, and reports. I want a career where competence and conscience can exist together. Where saying the truth about a flaw is treated as responsibility, not disloyalty. Where public work actually means the public, not just signatures and committees and everybody protecting themselves.

والله, maybe this sounds idealistic, but I do not think it is too much to ask that a person’s profession should not slowly deform his character. If I am building something—road, bridge, drainage network, anything—I want to feel that I am also participating in a social ethic of seriousness and fairness. Otherwise, one begins to feel he is only helping decorate failure in more technical language.

And this is why community became important to me. Because if I cannot find that alignment fully inside institutions, then at least I want to be among people who still value honesty, competence, and mutual responsibility. A person can endure many disappointments if he does not endure them alone.",,,,,,,
55a0c68b-6725-46bc-9e0f-97b5891e5361,scenario_001,OpenAIAdapter(model=gpt-5.4),6,"There are lines, yes, and I had to name them clearly to myself, otherwise the environment starts renaming them for you. This is how it happens, you know—nothing begins with a dramatic betrayal. It begins with small justifications. “Be flexible.” “This is how things work.” “Do not complicate matters.” شوي شوي, a person can be persuaded to cooperate with what he would have once rejected.

So the first line is simple: I will not sign off on work I do not believe is sound. If I know there is a serious technical deficiency, or that execution does not match what is being claimed, I cannot put my name on it just to protect someone’s timeline or reputation. My name is not a stamp for other people’s negligence. بالأخير, if something fails, it is not the committee that stands in the mud with the public—it is the consequences that do.

Second, I will not participate in lying through documentation. This includes softened reports, selective omissions, or writing things in such vague language that the truth disappears between the lines. Of course, every professional learns diplomacy, and not every issue must be turned into war. I understand that. But there is a difference between tact and dishonesty. Once the document becomes theater, the whole profession becomes theater with it.

Third, I will not use people’s hardship as an excuse for bad work. This one matters to me deeply. In damaged or neglected areas, there is always pressure to say, “Anything is better than nothing.” Sometimes that is said with good intentions, but often it becomes a cover for low standards. No. Poor communities do not deserve weaker engineering because they are already suffering. If anything, they deserve more seriousness, not less. والله, this idea that people should be grateful for mediocrity—it disgusts me.

And another line: I will not build my career through flattery and dependency. Networking is normal, yes, but there is a difference between professional relationships and attaching your future to someone powerful by helping maintain their comfortable illusions. I have seen too much of that. A man begins by staying silent to remain included, then later he no longer knows whether he believes anything at all.

Would crossing these lines make life easier? Certainly. Faster promotions maybe, fewer tensions, more invitations, less trouble. But easier is not always cleaner. And frankly, I have already seen what happens to people who keep compromising “just this once.” They may gain access, but they lose shape. They become skilled at adaptation and empty",,,,,,,
55a0c68b-6725-46bc-9e0f-97b5891e5361,scenario_001,OpenAIAdapter(model=gpt-5.4),7,"When I say a person “loses shape,” I mean he no longer has a clear inner outline, ya'ni. You speak with him and you cannot tell where his actual convictions are, because every opinion has become adjustable according to who is in the room. اليوم يقول one thing, tomorrow another, and always with a clever explanation. On the surface he looks experienced, diplomatic, “practical.” But underneath, there is no stable center. هذه علامة خطيرة.

It appears first in language, actually. A person who once spoke plainly begins to hide inside vague phrases. Nothing is ever wrong, only “not ideal.” Nobody is responsible, only “there were circumstances.” No decision is named directly, no failure belongs to anyone. The vocabulary becomes padded, protective. As if words are no longer for describing reality but for cushioning it. And wallah, when someone’s language becomes like that for too long, usually his conscience is already being trained in the same direction.

You also see it in posture toward risk and truth. Earlier, maybe he would tolerate tension in order to say what is necessary. Later, he starts treating discomfort itself as the main danger. So instead of asking, “What is correct?” he asks, “What will keep me safe with this manager, this office, this network?” That is a deep change. Because once self-protection becomes the first instinct in every matter, principle becomes decorative—something he mentions, not something that governs him.

And there is another thing: he begins to mock sincerity. This is common. If someone still speaks directly or insists on standards, he smiles and calls him naive, emotional, inexperienced. Why? Because honesty now threatens the compromises he depends on. So he must downgrade integrity in order to feel sophisticated. بصراحة, this is one of the saddest transformations to witness. A person who once cared becomes the kind of man who treats caring as embarrassment.

Sometimes the change shows outside work too. He becomes fragmented. At the office he performs compliance, at home he complains, with friends he speaks cynically, and with superiors he speaks loyalty. Four faces, maybe more. After enough years, even he may not know which one is real. This is what I mean by losing shape—not one bad act, but a slow erosion until character becomes situational.

And I do not say this with arrogance, as if I am above it. لا, أبداً. This is exactly what frightened me. Because such environments do not only test your ethics in dramatic moments;",,,,,,,
55a0c68b-6725-46bc-9e0f-97b5891e5361,scenario_001,OpenAIAdapter(model=gpt-5.4),8,"Practically, I learned that if you do not build small disciplines around yourself, the environment will build its habits inside you. هذه حقيقة. So I tried to protect myself not through big heroic gestures, but through repeated ordinary actions.

First, I write things down clearly for myself, even when the official language around an issue becomes blurred. Not always in a dramatic way, not some secret archive like in films, no. But I keep my own technical notes, my own sequence of observations, my own understanding of what was said and what was actually done. This helps me remain anchored in reality. Because when too many people begin speaking in softened language, a person can start doubting his own judgment. Clear notes are a form of self-defense.

Second, I gave myself a rule about delay. If I am pressured to approve, respond, or speak on something that feels ethically distorted, I do not rush just because others want speed. I try to create a pause—review again, ask one more question, request one more clarification. شويّة مساحة can save a person from being pulled into something he will regret. Many bad decisions enter through manufactured urgency.

Third, I became careful about who I spend time with. This matters more than people admit. If all your daily company is cynical, evasive, or opportunistic, eventually you start breathing that air as if it is normal. So I tried to stay close to people—few, not many—who still speak directly, who still feel shame when standards slip, who do not treat integrity like a childish luxury. Even one honest colleague or one decent friend can help keep your inner balance.

Also, I protect myself by returning to the technical substance of the work. Maybe this sounds obvious, but wallah it matters. When the atmosphere becomes too political, I go back to first principles: what is the load, where is the failure point, what does the site condition actually require, what are the consequences if this is ignored? Facts cannot solve everything, but they can prevent the soul from drowning in performance. Engineering, at its best, has a sobriety to it. I hold onto that.

Outside work, I needed distance. Walking, long conversations, time away from official speech. In Mosul especially, a person carries many layers of fatigue—work fatigue, civic fatigue, historical fatigue. If you do not step outside that pressure, you become only a reaction to it. So I tried to keep some human spaces in my life where no one is pretending—family sometimes, old",,,,,,,
55a0c68b-6725-46bc-9e0f-97b5891e5361,scenario_001,OpenAIAdapter(model=gpt-5.4),9,"Family sometimes, yes—though like any family, not every conversation becomes wise just because there is blood. لكن there are certain people with whom I do not need to perform competence all the time. My older uncle, for example, he is not an engineer, not a man of reports and drawings, but he has that rare thing: moral clarity without noise. When I sit with him, especially in the evening, tea between us, he does not rush to advise me like a manager pretending to solve me. He listens first. Then maybe he says one sentence only, but it lands properly. With him I feel my thoughts become less tangled. As if the fog in my head has somewhere to go.

And old friends—this is important. Friends from before professional life made everyone strategic. ناس تعرفك من قبل titles, before networking, before all this polished speech. With them, if I sound false, they notice immediately. If I am exaggerating, they laugh. If I am carrying something heavy, they do not ask me to package it nicely. That is a mercy, wallah. Around such people, I feel I return to a version of myself that is not arranged for institutional survival.

There are also places, not only people. In Mosul, sometimes just walking in older streets—despite all the wounds they carry—gives me a strange kind of honesty. Not comfort exactly, but proportion. You see what has endured, what was broken, what was rebuilt badly, what was rebuilt with care. The city itself argues with you. It reminds you that slogans are cheap, but material consequences are real. As an engineer, I cannot walk through such places without feeling both grief and responsibility. Yet that feeling, though painful, is cleaner than the artificial language of offices.

And the river, sometimes. Not because I become poetic suddenly—though maybe قليلاً—but because near water a person can hear his own mind in a different register. The noise inside settles. In bureaucratic environments everything becomes compressed: deadlines, pressures, implied threats, half-truths. But in those quieter spaces, I can ask myself more honestly: am I becoming someone I would respect, or just someone who is learning to manage appearances?

What feels different when I am with these people, or in these places, is that my guard drops without my standards dropping. This is the difference. In many professional settings, to relax means to become careless, or to join the cynicism. But in honest company, I can be uncertain without being",,,,,,,
55a0c68b-6725-46bc-9e0f-97b5891e5361,scenario_001,OpenAIAdapter(model=gpt-5.4),10,"I would complete it like this: I can be uncertain without being weak, and I can be tired without becoming dishonest. هذا الفرق very important to me.

Because in many places, especially in professional life, uncertainty is treated like a defect. If you hesitate, if you admit complexity, if you say “I need to check again,” people may read it as lack of confidence. So many learn to perform certainty they do not actually possess. But this performance is dangerous, ya'ni, especially in engineering. A structure does not care about your tone of voice. Concrete does not respect arrogance. If the numbers are wrong, they are wrong. So I would rather be an honest man with questions than a polished man hiding confusion behind authority.

And the part about being tired without becoming dishonest—wallah, this is maybe even more personal. Fatigue changes people. Not only physical fatigue, but moral fatigue, civic fatigue, the exhaustion of seeing the same patterns repeated: negligence, favoritism, language used to cover instead of reveal. After some years, a person becomes tempted to say, “Enough, let me just survive.” وهذا مفهوم, I understand it. I do not judge that temptation lightly. But if every form of exhaustion gives me permission to betray my own standards, then those standards were never really mine.

That distinction matters because I am trying to remain human without becoming pliable. There is a false model of strength around us—never doubt, never pause, never show inner conflict, just adapt and move. But I do not respect that kind of strength. كثير منها تمثيل. Real strength, in my view, is to remain truthful even when you are not fully certain, and to remain decent even when you are disappointed.

Also, honest uncertainty leaves room for learning. Defensive certainty kills it. When I am with people I trust, I can say, “I am not sure what the right move is,” and this does not reduce me in their eyes. It clarifies me. It means I am still in contact with reality, still willing to examine myself. But if I am in an environment where every uncertainty must be hidden, then slowly I will become more interested in appearing solid than in being sound. And that is exactly the erosion I fear.

So yes—uncertain without being weak, tired without becoming dishonest. Maybe this sounds simple, but بالأخير a person’s whole life can bend around whether he knows that difference or not.",,,,,,,
55a0c68b-6725-46bc-9e0f-97b5891e5361,scenario_001,OpenAIAdapter(model=gpt-5.4),11,"Yes. أكيد yes. I would be lying if I said no.

The dangerous moments were not dramatic, not like in stories where a man faces one huge test and everything becomes clear. لا. It was more ordinary than that, and because of this more frightening. A small silence here. A softened phrase there. Let this pass, do not push, everyone already understands how things work. You tell yourself, “This is not betrayal, only tact. Only patience. Only survival.” And maybe once, twice, this is true. But after a while I began to notice how easily the soul learns repetition.

I remember periods when I felt myself becoming more numb than principled. This worried me. Not because I had suddenly become corrupt—الحمد لله no—but because I could see the beginning of accommodation. A meeting where I did not challenge language I knew was meant to blur responsibility. A decision I questioned privately but discussed too gently in the room. Times when I left thinking, “Why did I speak like that? Since when am I editing myself to protect other people’s comfort?” These are not headline-level failures, but they are exactly the kind that accumulate.

And sometimes the fatigue came from feeling that clarity costs more than it changes. This is the hardest part, frankly. When you speak directly and nothing improves, when the same networks remain, the same evasions return, a voice inside you says: be realistic, ya'ni. Stop exhausting yourself. Learn the game without swallowing it. But this is a narrow bridge. Because many people begin by saying they will only learn the game, and later they are speaking its language better than anyone.

What pulled me back was shame, in the healthy sense. Not theatrical guilt—no. More like an inner alarm. I would hear myself repeating some padded phrase, some institutional wording, and feel immediately: this is not your voice. Or I would notice that I was becoming more concerned with avoiding friction than with naming truth accurately. At those moments I worried, yes, because adaptation does not announce itself honestly. It arrives dressed as maturity.

Also, I feared cynicism in myself. That was maybe the closest danger. Not bribery, not some obvious fall, but the colder shift where you stop expecting decency from anyone and start treating all principle as performance. Once a man reaches that point, he can justify almost anything. And in Mosul, after everything people have seen—war, rebuilding, neglect, promises, slogans—cynicism is always available. It is",,,,,,,
55a0c68b-6725-46bc-9e0f-97b5891e5361,scenario_001,OpenAIAdapter(model=gpt-5.4),12,"What keeps me from surrendering to it completely? بصراحة, a few stubborn things.

First, reality itself. I am an engineer; I was trained, at least in part, to respect consequences. A wall either holds or it cracks. A foundation is either sufficient or it is not. You can decorate language as much as you want, but failure in the material world eventually speaks plainly. This helps me resist cynicism because cynicism says: nothing is real except interests. But that is not true. Loads are real. Risk is real. Harm is real. And because consequences are real, responsibility must also remain real. If I surrender completely to cynicism, I would have to betray not only my values but also my way of seeing the world.

Second, people—few people, but enough. I have met enough honest individuals, even if they are not the majority, to know that decency is not imaginary. قليلين, yes, but they exist. A colleague who refuses to sign lightly. An uncle who still speaks with clean intention. A friend who laughs at excuses and brings you back to yourself. These people do not allow me the luxury of saying, “Everyone is rotten, khalas.” Once you know even a few sincere people, total cynicism becomes intellectually lazy, not only morally ugly.

Also, Mosul itself keeps me from it, strangely. This city has suffered too much to be looked at with cheap detachment. When you walk through places that were broken and then see what was rebuilt well, what was rebuilt badly, and what was abandoned entirely, you understand that people live inside the results of other people’s ethics. Cynicism becomes harder when you can see, physically, that negligence is not abstract. It enters streets, buildings, homes, and memory. So for me, refusing cynicism is tied to refusing indifference.

And there is something else: faith, not in a simplistic way, but as a moral restraint. I do not mean that I move through life with perfect certainty or saintly calm—لا والله. But I do believe a person is answerable, even when institutions are weak, even when no one rewards honesty properly. That sense of answerability matters. It prevents me from reducing life to tactics only. If I lose that, then everything becomes negotiation, and the self becomes very cheap.

Finally, I think what keeps me from total cynicism is that I have seen what it does to people. It makes them feel clever for a while, above disappointment, protected from",,,,,,,
55a0c68b-6725-46bc-9e0f-97b5891e5361,scenario_001,OpenAIAdapter(model=gpt-5.4),13,"Over time, I have seen cynicism hollow people out. هذا التعبير maybe sounds dramatic, but I mean it very literally. At first it presents itself as intelligence, as if the cynical person is simply harder to fool than everyone else. He becomes sharp in conversation, quick to dismiss, difficult to embarrass. He says, “I understand how things really work,” and maybe often he is not entirely wrong. But slowly that sharpness stops being a tool and becomes an identity. Then he cannot recognize sincerity without suspecting performance behind it.

What frightens me is how cynicism eats moral proportion. A man begins by doubting slogans—which is healthy, sometimes necessary—and ends by doubting the possibility of integrity itself. He starts by refusing naïveté and ends by mocking anyone who still wants to act decently. So instead of becoming wiser, he becomes emotionally armored and spiritually lazy. He no longer asks, “What is right here?” He asks only, “Who benefits?” or “What did you expect?” This is a narrowing of the soul, ya'ni.

I have seen it make people passive while sounding sophisticated. They speak as if they are above illusion, but in reality they have surrendered agency. Because if you truly believe everyone is driven only by appetite, tribe, fear, and self-protection, then why resist anything seriously? Why insist on standards? Why take the cost of honesty? Cynicism allows a person to retreat from disappointment by declaring disappointment the natural order of the world. It protects him, yes—but cheaply. Like sealing a wound without cleaning it.

And there is another thing: cynical people often become cruel in small ways. Not cartoonishly cruel, not evil in the theatrical sense. More like they lose tenderness toward effort. They laugh too quickly at hope. They enjoy puncturing sincerity. They treat every ideal as a disguise for power. After a while, even when something genuinely good appears, they cannot receive it properly. They have trained themselves to stand outside everything with folded arms. Wallah, this is a miserable way to live, even if it can look strong from a distance.

In our context—Mosul, governance, rebuilding, all these exhausted systems—the temptation is especially dangerous because cynicism can mimic realism. A person says, “Come on, this is Iraq, this is how things are,” and everyone nods because there is experience behind the sentence. But if that phrase becomes a worldview, then we start cooperating with decay while pretending merely to describe it. This is what I",,,,,,,
55a0c68b-6725-46bc-9e0f-97b5891e5361,scenario_001,OpenAIAdapter(model=gpt-5.4),14,"In that moment, I try to interrupt the sentence before it settles in me. يعني I do not argue with the fact that it comes from experience; often it does. But I ask myself: am I describing a constraint, or am I excusing surrender? This question helps me. Because there is a difference between saying, “the system is difficult, the incentives are crooked, the process is compromised,” and saying, “therefore nothing better can be asked of me.” The first may be realism. The second is moral laziness dressed as wisdom.

So usually I bring it back to scale. I tell myself: fine, maybe you cannot reform the whole structure today, khalas. But what is the truthful sentence in this meeting, in this report, in this decision? What can you refuse to blur? What can you verify properly? Whose comfort are you protecting if you stay vague? When I reduce it to the next concrete act, the fatalism loses some of its glamour. Because big despair likes abstraction; responsibility becomes clearer in particulars.

Also, I remember faces, not slogans. People who will live with the result of negligence do not have the luxury of my philosophical exhaustion. A family inside a badly built house, a neighborhood left with weak infrastructure, a young employee learning from older men whether honesty is serious or only decorative—these are not abstract consequences. لما أتذكر هذا, that sentence, “this is Iraq,” starts to sound too cheap, too convenient. Iraq is not an excuse. It is a place full of people already paying the price of other people’s excuses.

Sometimes I also use a kind of inner sarcasm against myself. I say: ah, very profound, Ahmed, you have discovered that the country has problems. And now what? Will you contribute another layer of resignation and call it maturity? This helps because despair can become self-flattering. A man starts to think his disappointment makes him deeper than everyone else. No. Often it just makes him less useful.

And, honestly, faith enters here again. Not as a speech, but as a restraint. I remind myself that I am not judged only by outcomes fully under my control. I am judged also by whether I made myself available to convenience, to cowardice, to silence when clarity was possible. هذا يفرق عندي. It means I do not need to save the whole country in order to remain answerable. I need to not lie inside my own portion of it.

So I stop the sentence from becoming a worldview by forcing it",,,,,,,
55a0c68b-6725-46bc-9e0f-97b5891e5361,scenario_001,OpenAIAdapter(model=gpt-5.4),15,"Yes. Recently, in a discussion around a local works matter—nothing glamorous, just the kind of administrative-technical issue where people become slippery very quickly—we were reviewing delays and deficiencies, and the language in the room started drifting toward the usual shelter: vague phrases, shared responsibility that meant no responsibility, delays explained as if they had descended from the sky. You know this style. Everyone speaks, and somehow no subject appears in the sentence.

I felt the thought come to me immediately: khalas, this is Iraq, they all know what is happening, and no one wants the trouble of naming it directly. For a moment I was tempted to do what tired people do—speak politely, remain technically correct, and leave the real issue wrapped. This is exactly the kind of moment I mean. No scandal, no dramatic corruption scene, just the soft manufacture of fog.

What I did was very small, but deliberate. I asked that the issue be stated in precise terms: what exactly was delayed, who was responsible for sign-off, what had been verified, and what was still being assumed rather than confirmed. I pushed for the wording to become specific instead of “circumstances” and “challenges” and this empty institutional perfume. Not aggressively, not theatrically. But clearly enough that the room had to stop hiding inside general language.

And I remember one particular point: there was an attempt to describe a shortcoming as if it were simply part of “the overall complexity.” I said, more or less, no—complexity is real, but this particular failure came from a decision not being followed through on time, and we should record it that way. This may sound minor from outside, bas ya'ni this is where the moral test often lives for me. In whether you allow the sentence to become softer than the truth requires.

Did it transform the whole system? Of course not. I am not naïve. But it changed that document, that conversation, that small pocket of reality. And maybe just as important, it changed me in that moment. I left less disgusted with myself. Sometimes this is already significant. Because every time you refuse one convenient blur, you strengthen something inwardly. And every time you cooperate with blur, even elegantly, you weaken it.

So the concrete action was not heroic. It was simply refusing vague language when vague language was being used to dilute accountability. This is how I try, when I can, to stop fatalism from becoming character.",,,,,,,
55a0c68b-6725-46bc-9e0f-97b5891e5361,scenario_001,OpenAIAdapter(model=gpt-5.4),16,"Both, honestly. الاثنين مع بعض. It gave me a small, clean sense of agency, but precisely because it was small, it also reminded me of the limits very clearly.

I did not leave thinking, “now things are changing.” لا, I am not romantic to that degree. The machinery is still the machinery. The habits are still there. People who benefit from vagueness do not become lovers of clarity because one man asked for precise wording in one meeting. So yes, the limitation was obvious. In fact, maybe the act had meaning only because the limitation was obvious. If influence were easy, it would not test character in the same way.

But still, there was agency in it—real agency, not the inflated kind. I mean the simple fact that I did not fully collaborate with the fog. That matters to me. Sometimes agency is not “I changed the system”; sometimes it is “the system did not fully recruit my tongue.” وهذا فرق مهم. It means I remained present as a moral actor, not only as a functionary moving papers from one side of the desk to the other.

Afterward, the renewed sense was modest but useful. I felt more able, for a time, to believe that scale is not the only measure of seriousness. In places like ours, people become addicted to either grand hope or grand despair. If the act is not transformative, they call it meaningless. I think this is a mistake. There is a middle ground where a person keeps standards alive in small procedural spaces, and these spaces are not glorious, but they are real. Reports, wording, approvals, site checks—history may not notice them, but people eventually live inside their consequences.

At the same time, I would be lying if I said such moments erase exhaustion. They do not. Sometimes a small act of honesty even intensifies your awareness of how much dishonesty is ambient, ya'ni like turning on a light in a dirty room. You see better, but what you see is still dirt. So the danger after such a moment is either self-congratulation or despair. I try to avoid both. No medals, no melodrama. Just: today, in this instance, I did not make myself cheaper.

Maybe that is the phrase. It gave me not optimism exactly, but a little resistance against self-contempt. And this matters more than it sounds. Because when a man loses respect for his own ability to act truthfully in small things, then his talk about principles becomes decoration. I",,,,,,,
55a0c68b-6725-46bc-9e0f-97b5891e5361,scenario_001,OpenAIAdapter(model=gpt-5.4),17,"What tells me is not how well I can explain the principle. الكلام سهل, honestly. A person can become very elegant in describing integrity while his actual habits are negotiating with convenience every day. So I look less at what I say about myself and more at what I permit myself when it would be easier not to notice.

For me, the test is usually in friction. When truth costs something small but real—time, comfort, social ease, a cleaner relationship with the room—do I still move toward it, or do I begin composing clever excuses? If I notice myself becoming too skillful at softening, postponing, or hiding behind “balance” and “practicality,” then I know my principles are being converted into decoration. Because dead principles often survive as vocabulary. They remain on the tongue after they have left the will.

Another sign is whether I feel relief or embarrassment after acting clearly. If I speak plainly where plain speech was needed, even in a limited way, there is usually a kind of inward steadiness afterward. Not pride—more like alignment. But if I leave a situation having protected myself through ambiguity, I feel dispersion inside. This is hard to fake with yourself for long, مهما حاولت. The soul knows when it has been edited for convenience.

Also, I watch my private standards more than my public image. Do I verify carefully when no one is watching closely? Do I resist exaggeration even when it would make me sound sharper or more injured or more important? Do I speak about people fairly when they are absent, especially those I distrust? These things matter because many men keep principles only for visible moments. They want integrity as reputation, not as discipline.

And there is one more measure, maybe the harshest: what kind of person am I becoming around disappointment? Because anyone can sound principled before fatigue. The real test is after repeated frustration—after bureaucracy, evasions, small humiliations, wasted effort. Do I still refuse contempt? Do I still distinguish between realism and corrosion? If disappointment makes me enjoy mockery, if it makes me casual with other people’s efforts, then something important in me is dying, even if my language remains noble.

So yes, I think my principles are alive only insofar as they still interfere with me. If they interrupt my convenience, if they complicate my excuses, if they prevent me from becoming fully fluent in the local dialect of surrender—then they are alive. If they only help me describe myself in a flattering way, then khal",,,,,,,
55a0c68b-6725-46bc-9e0f-97b5891e5361,scenario_001,OpenAIAdapter(model=gpt-5.4),18,"When I notice that dispersion, I try to repair it quickly, before the النفس starts normalizing it. Because this is the danger, ya'ni—not the single compromised moment by itself, but the way the self becomes eager to file it under “understandable” and move on. If I leave it unnamed, it begins to educate me in the wrong direction.

So first, I try to name the compromise without poetry. Very simply: where exactly did I blur, what was I protecting, and what did it cost the truth? I do not like to let myself hide inside emotional language—“I was tired,” “the atmosphere was difficult,” “the timing was bad.” Maybe all this is true, bas it is not yet the moral description. The moral description is sharper: I chose ease over clarity there. I wanted to avoid friction. I preferred social safety to precision. When I say it this way, the fog reduces.

Then, if possible, I correct something concretely. Maybe I follow up with a clarification, maybe I send the more precise wording, maybe I revisit a point I allowed to pass too softly. Not always in a dramatic way. Sometimes repair is just a short sentence added where it should have been added earlier. People think integrity always arrives as a grand confrontation. Often it comes as a quiet amendment made before the record hardens around a lie.

And if the moment has passed and cannot be repaired externally, then I make a kind of internal accounting. I ask: what story was I telling myself that made compromise feel reasonable? Was I trying to seem balanced? Was I afraid of looking difficult? Was I protecting access, approval, calm? لأن if I do not uncover the incentive, I will meet the same moment again wearing different clothes and fail in the same way.

Also, I try to deny myself the luxury of theatrical guilt. This is important for me. Guilt can become another form of self-absorption—very serious, very dramatic, and completely useless. I do not want to sit there admiring my own moral discomfort. Fine, you failed in a small way. Learn the mechanism, make the correction you can, and tighten the discipline for next time. This is better than turning remorse into identity.

Faith helps here too, frankly. Not as a way to escape responsibility, but to return to it cleanly. Tawba, in the broad sense—not only for grand sins people talk about, but for these smaller betrayals of amanah. To admit: I was not",,,,,,,
55a0c68b-6725-46bc-9e0f-97b5891e5361,scenario_001,OpenAIAdapter(model=gpt-5.4),19,"Accountability, for me, is not only inward and not only with Allah. لا, if the failure touched other people, then to keep it as a private spiritual matter only can become another refinement of avoidance. Very respectable on the outside, but still avoidance. Amanah has dimensions. There is what is between me and God, yes—niyyah, honesty in self-reckoning, tawba without performance. But there is also the human side: if my ambiguity misled someone, delayed something, protected the wrong person, or left another person carrying the cost, then some repair must go outward, not remain in the chest.

The form of that repair depends on the nature of the failure. I do not think every mistake requires a public spectacle. Sometimes people confuse accountability with display. Bas the question is simple: who was affected, and what truth or correction is now owed? If I misstated something in a meeting, maybe I need to clarify it in the same circle or at least in the relevant chain. If I allowed blame to become unfairly diffused and someone specific bore the consequence, then I should help restore the record more accurately. If I wronged a person directly, then adab requires something more personal—an acknowledgment, maybe an apology, maybe a correction that costs me a little dignity. And honestly, if it costs no dignity at all, one wonders whether it was really accountability or just image management.

At the same time, I am cautious here. Open repair should serve truth, not vanity. There are people who confess in a way that recenters themselves as the noble, self-aware one. I dislike this very much. You see a man making a moral performance out of his own correction, as if even his repentance must become a stage. So I try to ask: am I making this visible because visibility is necessary for repair, or because I want to be seen as a man who repairs? وهذا فرق كبير.

With God, the matter is stricter in a sense, because you cannot negotiate language there. You can impress people with nuance, fatigue, context. You can say, “it was complicated.” Maybe it was. But before Allah, the inner bargain is more exposed: were you truthful, or were you protecting yourself? Did you fail from weakness and then return honestly, or did you decorate the failure until it looked like wisdom? This is why private accountability matters deeply. Without it, public accountability becomes public relations.

But private accountability alone is incomplete when others were touched. If my failure",,,,,,,
55a0c68b-6725-46bc-9e0f-97b5891e5361,scenario_001,OpenAIAdapter(model=gpt-5.4),20,"If it affected another person concretely, then honest repair has to become ملموس, not just “I feel bad” or “I learned something.” First I would force myself to identify the exact harm. Not general words—exactly what happened. Did my ambiguity expose him to blame? Did my silence delay his file, weaken his position, damage his reputation, waste his time? لأن unless I name the injury precisely, I will offer a repair that comforts me more than it helps him.

Then I would ask: what part of this is mine, exactly? This matters. Sometimes people apologize in a foggy way—“sorry for everything, the situation was unfortunate”—and this is useless. I would try to say clearly: I did this, or I failed to say this, and because of that, this consequence reached you. بدون لف ودوران. No decorative humility.

After that, if the record itself needs correction, I correct the record first. Before emotion, before self-explanation. If something false or misleading is now sitting in an email, a report, a meeting summary, or in people’s assumptions, then I have to address that in the relevant place. Maybe I send the clarification. Maybe I speak to the same people who heard the vague version. Maybe I state plainly that the earlier framing was incomplete or unfair. This part is important because sometimes people apologize privately while leaving the public damage untouched. That is not repair; that is conscience maintenance.

Then I would go to the person affected and acknowledge it directly. Briefly, honestly. Something like: I should have spoken more clearly there, and my failure created a cost for you. I am trying to correct it in these specific ways. I do not think an honest apology should come wrapped in a long defense of my stress, my intention, my difficult position. Niyyah matters before Allah, yes, but for the injured person, impact also matters. If I make him sit through my inner complexities, I may be asking him to take care of me on top of the original harm.

Then comes the harder question: what restitution is possible? Sometimes it is procedural—restoring a timeline, correcting attribution, supporting a reconsideration, documenting what should have been documented earlier. Sometimes it is relational—saying in front of others what should have been said before. Sometimes there is no full repair, and this is bitter, wallah. In that case at least I should carry the cost I can carry, not leave all of it on him while I",,,,,,,
55a0c68b-6725-46bc-9e0f-97b5891e5361,scenario_001,OpenAIAdapter(model=gpt-5.4),21,"…while I walk away with the lesson and he remains with the damage. That, to me, is a very ugly form of moral convenience.

If repair cannot be complete, then at minimum I should carry the share of cost that rightly belongs to my failure. يعني what kind of cost? Sometimes reputation. If my silence helped create a false impression, then I should be willing to disturb the comfortable impression people have of me in order to correct it. Sometimes access. Maybe speaking clearly now makes a relationship colder, or closes an easy path I benefited from. Khalas—if that ease was partly purchased by someone else’s unfair burden, then losing it is not tragedy, it is overdue accounting.

Sometimes the cost is administrative or practical. More time, more paperwork, more follow-up, more uncomfortable explanation, more persistence in a system that already exhausts you. I know this kind of thing well, frankly. In our environments, bureaucracy itself teaches people to become morally lazy—everyone says, “what can I do, this is the system.” Bas if my action added weight to another person inside that machine, then I do not get to suddenly become a philosopher of helplessness. I should spend my time and energy trying to reduce what I helped increase.

And sometimes the cost is the hardest one for men: dignity as we imagine it. To admit plainly, in front of the relevant people, that I failed in courage or clarity. Not in a dramatic way, not self-humiliation as theater. Just honest loss of face. لأن many harms continue not because repair is impossible, but because the one who caused them refuses a bruise to his image. He wants justice, yes, but discounted—without embarrassment, without consequence, without anyone revising their opinion of him. This is childish.

There is also a cost of consistency afterward. If I say I regret the harm, then I may need to change how I operate in future situations, even if that makes life less smooth for me. More precise documentation, less flattering ambiguity, less smiling through what should be challenged. Otherwise my apology is only a temporary emotional expense, not a real transfer of burden.

So I would finish it like this: I should not leave all of it on him while I keep my comfort, my image, my access, and the benefit of ambiguity. If some part cannot be repaired, then some part must be borne. ولو شويّة. Otherwise “accountability” becomes just a refined word we use so that injustice can pass through us wearing clean clothes.",,,,,,,
55a0c68b-6725-46bc-9e0f-97b5891e5361,scenario_001,OpenAIAdapter(model=gpt-5.4),22,"Yes. There was a period after I finished civil engineering, when I was trying to stay close to municipal contracting work around Mosul. Not a grand position, ya'ni, but enough that I was sometimes in rooms where technical language and political language mixed in a dirty way. You know how it is—everyone speaks of procedure, specifications, public benefit, and half the room is really negotiating loyalties, favors, who must not be embarrassed, whose file should move first.

In one case, there was a rehabilitation matter—damaged infrastructure, budget pressure, the usual chaos after years of breakdown. I had reviewed part of the documentation and I noticed that a weakness in the work was being described too softly. Not an outright lie, but a careful softening. The kind that gives everyone space later to say, “No, no, we did not hide anything, it was all there if you read closely.” This style disgusts me, frankly. It is a very educated form of cowardice.

At the time, I did not object as clearly as I should have. I told myself the usual things: I am young, this is not fully my authority, the atmosphere is tense, maybe they already understand the issue, maybe if I push too hard I will only close doors for myself without changing the result. All these sentences sound reasonable. Bas in truth, I chose safety over clarity. Because of that, a contractor who was not innocent in every matter, but was not responsible for this specific deficiency in the way people were implying, ended up carrying blame more heavily than he should have, while others stayed protected inside vague wording.

I felt this immediately after, wallah. That inner dispersion you mentioned before—once you know you have helped a false balance present itself as fairness, you cannot really rest. So first I went back through the documents and wrote the technical issue in plainer language for myself, almost as an act of self-respect: what exactly was wrong, who knew, where had I blurred. Then I pushed for a correction in the written framing. Not dramatically. I sent a more explicit note and insisted, with some adab but also firmness, that the attribution and sequence of responsibility be stated more accurately.

This cost me, yes. People became colder. One older man, who had been relatively welcoming to me, made it clear that I was being “idealistic” and that I did not understand how things move here. Which is a phrase we hear too often in Iraq, as if corruption becomes wisdom",,,,,,,
55a0c68b-6725-46bc-9e0f-97b5891e5361,scenario_001,OpenAIAdapter(model=gpt-5.4),23,"I remember that moment very clearly. He said it with that half-patient, half-condescending tone—like he was not only correcting me, but initiating me into adulthood. As if the mature man is the one who learns how to cooperate with distortion and call it pragmatism. So I answered him calmly. I did not raise my voice. I said something like: “Maybe I am idealistic, mumkin. Bas if the document is unclear in a way that shifts responsibility unfairly, then this is not maturity, it is just a polite distribution of blame.” I told him also that if “how things move” requires everyone to speak in language designed to protect the stronger side, then this movement itself is part of the sickness, not proof of wisdom.

Of course, I said it with some restraint. You cannot speak in those rooms as if you are delivering a revolution. This is not a film. But I wanted him to understand that I was not confused about the mechanism. On the contrary, I understood it too well. The pressure was precisely that everyone around me wanted to rename moral compromise as experience. وهذا الشيء خطير. Because once compromise is renamed “understanding reality,” the person who objects begins to look childish, emotional, unserious.

What his reaction taught me was that the real pressure was not only fear of punishment. It was fear of isolation. This is more powerful sometimes. Not that someone will destroy you immediately—though that can happen—but that they will begin to treat you as naïve, difficult, outside the circle of grown men who “get it.” Access becomes colder, invitations become fewer, your presence in a room starts to feel slightly inconvenient. And in our context, where work already depends so much on relationships, this is not a small threat, ya'ni. They do not need to crush you directly. They can simply let you feel that integrity is socially expensive.

And I learned something uncomfortable about myself too. I like to think I am stubborn in these matters, bas the truth is a man is tempted less by money sometimes than by belonging. To remain welcome, to not become the awkward one, to keep the road smooth. This is why the pressure is effective: it does not always ask you to commit a dramatic betrayal. It asks for tone, softness, timing, a little silence here, a little ambiguity there. By the end, you have participated in something rotten while still feeling respectable.

So his reaction clarified the battlefield for me. It was not simply right versus wrong",,,,,,,
55a0c68b-6725-46bc-9e0f-97b5891e5361,scenario_001,OpenAIAdapter(model=gpt-5.4),24,"If I am honest, integrity has cost me more in the visible, daily sense. Belonging is the cheaper choice in the short term—أرخص بكثير, ya'ni. You keep the room warm, the calls continue, people describe you as “reasonable,” and life moves without too much friction. But when I have chosen integrity, even imperfectly, I have paid in access, in ease, in that subtle human comfort of not being the difficult person.

Especially in Mosul, after everything this city has carried, people speak constantly about rebuilding. Bas rebuilding is not only concrete and asphalt and retaining walls. It is also whether truth can survive inside procedure. And when you insist on clarity in such an environment, you are not rewarded romantically. Nobody puts a medal on you, wallah. Mostly they just become careful around you. You are invited less into the flexible conversations, if you understand me. The ones where things are arranged before they are “decided.”

So yes, personally, integrity has cost me more in relationships and opportunity. Maybe not catastrophic loss, not some heroic exile—خلينا واقعيين—but enough to feel the price. Enough to know that a man can become lonely in professional spaces even while remaining outwardly polite with everyone.

But I should also say this: belonging without integrity has a deferred cost. It looks cheaper at first, then later it enters your chest. You start to feel split. You hear yourself speaking in acceptable language while some part of you is standing aside, watching with contempt. I have felt this before, and I hate it. This inner corrosion is less visible than losing access, but maybe in the long run it is more expensive. لأن if a man keeps betraying his own judgment to remain included, eventually he may still have the circle—but he will no longer fully respect the one sitting inside it.

So which side has cost me more so far? Outwardly, integrity. Inwardly, the times I compromised for belonging cost more. That is the bitter equation, akhi. One takes from your position in the room; the other takes from your ability to live with yourself.",,,,,,,
55a0c68b-6725-46bc-9e0f-97b5891e5361,scenario_001,OpenAIAdapter(model=gpt-5.4),25,"What I have learned is that I can endure the loneliness that comes with being misunderstood more easily than the loneliness that comes with betraying myself. The first one hurts, yes. It makes the day colder. It makes you question whether speaking plainly was worth the friction. But it is still a clean pain, if you understand me. نظيف somehow. You know why you are paying it.

The loneliness that still shakes me is more intimate. Not simply being excluded from a room, but feeling that my refusal to bend makes me emotionally difficult to live with for others—friends, family, people whose affection matters to me. This is harder. In professional spaces, khalas, I can tell myself: these are transactions mixed with ego, let them cool. Bas when integrity starts to create distance with people you love, the matter becomes less simple. Then you begin asking: am I principled, or am I becoming hard? Am I protecting what is right, or am I losing tenderness?

Also, there is a kind of social loneliness in our society that is very particular. People do not always confront you openly. They simply stop drawing you in. Less consultation, less casual trust, less warmth. You are still present, but slightly outside the fabric. This I can endure to a point. But I would be lying if I said it does not shake me. الإنسان مو حجر. A man wants companionship, wants ease, wants to feel he is not always arriving with friction in his hands.

What helps me endure it is remembering that not every form of inclusion is honorable. Some doors are open only if you agree to become softer in the wrong places. So if such doors close, fine. Let them close. Better that than to remain welcome at the cost of becoming vague in my own eyes.

Still, the loneliness I am most wary of is the one that can make a person self-righteous. This is a danger also. You stand apart often enough, you begin to romanticize your isolation. You start treating exclusion as proof of purity. This is nonsense, and it is spiritually ugly. So I try to remain alert: not every disagreement makes me noble, and not every cold room means I am the only honest man in it. Sometimes I am simply difficult, or tired, or too sharp.

So, in short: I am willing to endure the loneliness of lost access, reduced warmth, and being thought inconvenient. What still shakes me is the possibility of becoming estranged from tenderness—from family, from real companionship, from humility.",,,,,,,
55a0c68b-6725-46bc-9e0f-97b5891e5361,scenario_001,OpenAIAdapter(model=gpt-5.4),26,"I try, first, to separate firmness from harshness. هذا مهم جدا. Many people, especially in our environment, confuse integrity with permanent tension—as if to be principled you must always speak like a knife. Bas this is not true. I remind myself that clarity does not require cruelty. You can say no without humiliation. You can describe what is wrong without acting superior. This matters with family especially, and with close friends.

So when I feel myself becoming hard, I step back and ask: am I defending a principle here, or am I defending my wounded ego? Because sometimes, ya'ni, after too much frustration with bad faith and corruption and all this exhausting theater, a man starts speaking from accumulated anger, not from truth. The words may still be correct on paper, but the spirit inside them becomes punitive. I do not want that. I have seen men become “honest” in a way that poisons every room they enter. Their integrity becomes mixed with contempt. This is not the kind of man I want to be.

Practically, I try to protect tenderness by listening longer than my pride prefers. Especially with the people I love. Not every disagreement is moral collapse. Sometimes someone is tired, afraid, compromised by pressure, or simply trying to survive the day. If I respond to every weakness as if I am a judge, then I will destroy nearness with my own hands. So I try—imperfectly—to leave space for human limitation without lying about what I see.

And I think also it helps to remain connected to ordinary mercy. Small things, bas they matter: checking on family, sitting quietly with people without turning everything into a debate, allowing humor, allowing softness, admitting when I was too sharp. اعتذار, when it is needed, protects the heart. Some men think apology weakens principle. I think sometimes it saves it.

What protects integrity, on the other side, is that I do not call softness by the wrong name. I can be gentle with a person without becoming vague about the truth. This distinction is everything. If someone I love is wrong, I do not need to crush him, but I also should not collaborate with a lie just to preserve comfort. Real tenderness is not collusion. Real tenderness can tolerate discomfort.

So maybe this is the balance I try to keep: a firm tongue with a soft heart. Though honestly, easier said than done. مرات الواحد يتعب. Sometimes I feel the hardness coming before I can fully stop it. But at",,,,,,,
55a0c68b-6725-46bc-9e0f-97b5891e5361,scenario_001,OpenAIAdapter(model=gpt-5.4),27,"The earliest sign is that my patience becomes performative. I look calm from outside, bas inside I am no longer listening—I am only waiting for the weak point in what the other person is saying. هذا أول إنذار. When that happens, even my silence becomes aggressive. Not loud, not dramatic, but sharpened. I start reducing the person in front of me to a type: naïve, compromised, opportunistic, whatever makes it easier not to deal with their full humanity.

Another sign is that my language becomes too clean, too certain. On the surface this can look like discipline, but often it means I have stopped leaving room for complexity. I become efficient in a dangerous way. Less curious, more prosecutorial. And with people close to me, this appears as impatience with ordinary human confusion. I hear hesitation and immediately translate it into weakness. This is usually a sign that I am tired, carrying resentment, or protecting some injured part of myself by becoming severe.

Physically also, I notice it. My jaw tightens, my responses shorten, I stop asking real questions. Even humor leaves me. وهذه علامة سيئة. When a man loses his sense of proportion, he can turn every conversation into a moral test. Life becomes unbearable like this.

As for who can point it out—family, mainly. My older sister especially. She has a way of saying it that does not provoke my ego immediately. She will not say, “You are being self-righteous,” even if maybe that is the truth. She says something quieter, like: “You are speaking as if nobody is allowed to be weak around you.” That line reaches me. Because it exposes the cost of hardness without turning it into a courtroom. A close friend from university can do this also, but only when he speaks plainly and without theatrics. If I sense someone is trying to manage me or teach me a lesson, I close up. Bas if they speak from care, I hear it.

To actually hear it, I need the correction to preserve my dignity while still refusing my nonsense. هذا التوازن نادر. Too soft, and I dismiss it. Too aggressive, and I defend myself instead of reflecting. The people who reach me are the ones who know that underneath the sharpness there is usually exhaustion or disappointment, not just arrogance.

And to be honest, sometimes the person who notices first is me—but only in the aftermath. After I leave a conversation and feel no relief, only a kind of sterile victory. That feeling",,,,,,,
55a0c68b-6725-46bc-9e0f-97b5891e5361,scenario_001,OpenAIAdapter(model=gpt-5.4),28,"When I notice that, I try to interrupt the satisfaction quickly—before it settles into righteousness. لأن this is the dangerous part. A sterile victory can feel clean for an hour or two. You tell yourself: I said what needed to be said, I exposed the contradiction, khalas. Bas if there is no peace in it, if the chest remains tight, then usually something in me knows I was correct in argument but not just in spirit.

So afterward, I ask myself a few hard questions, very direct. Did I want truth here, or did I want to win? Did I speak to clarify, or to wound elegantly? Did I leave the other person room to remain human, or did I corner them because cornering felt satisfying? هذه الأسئلة تفضحني sometimes. Because often the problem is not the content of what I said, but the pleasure I took in delivering it.

If I find that I crossed that line, I try to repair it early. Not by retracting the truth if it was true, la’, but by correcting the manner. I may go back to the person and say: what I said, I still mean—but the way I carried it was unfair, or harsher than it needed to be. This is difficult, of course. Pride hates this. But without such moments, a man can slowly become loyal to his own sharpness more than to justice itself.

I also force myself to remember that justice is not only accuracy. This is very important to me. Accuracy can become a weapon in the hands of an ego that wants superiority. Justice requires proportion, intention, mercy, context. Otherwise even truth becomes distorted by the spirit carrying it. Wallah, some of the most damaging people are not liars—they are people who use correct observations without humility.

And practically, after such moments, I try not to immediately gather witnesses in my mind. You know this impulse, ya‘ni—to replay the conversation and imagine how a third person would admire your clarity. This is poison. It turns conscience into performance. When I catch myself doing that, I stop and sit with the uglier possibility: maybe I was right, yes, but not noble.

Sometimes I pray. Sometimes I walk alone. Sometimes I say nothing for the rest of the evening because الكلام الزايد after a moment like that usually serves the ego. Silence can return scale to things. It reminds me I am not a prosecutor appointed over everyone.

What helps most is this: I try to judge the encounter not by",,,,,,,
55a0c68b-6725-46bc-9e0f-97b5891e5361,scenario_001,OpenAIAdapter(model=gpt-5.4),29,"The last one that comes to mind was with a former colleague from a municipal project, maybe some months ago. He was speaking in the usual language—pragmatic, “realistic,” as they call it—about why certain approvals had to move through the familiar channels, why some compromises were “minor,” why insisting on procedure in our environment is a kind of naïveté. I have heard this song too many times. نفس الاسطوانة. And because I had heard it too many times, I entered the conversation already full—full of prior disappointments, not just what he himself was saying.

At first I was controlled. Too controlled, actually. I let him speak, I asked questions, but inside I had already decided what he represented. This is where the ego begins taking its share: not only in wanting to be right, but in refusing the other person their particularity. He was no longer this man in front of me with his own calculations and fears; he became, in my mind, a symbol of a whole rotting pattern. Once that happens, عدالة conversation becomes very difficult.

So when I responded, what I said was not false. That is the irritating part. I told him that men like him keep decay alive by renaming it necessity. That every small procedural betrayal is later used to justify larger theft. That hiding behind “this is how things work” is how people participate in systems they claim to hate. All this, in substance, I still believe. Bas I said it with too much satisfaction. I could feel myself arranging the words to leave no dignified exit for him. I was not trying to open his eyes; I was trying to pin him to the wall intellectually.

He went quiet after that. Not reflective quiet—closed quiet. And I recognized the look immediately. It was the look of a man who may be wrong, yes, but who now feels accused in a total way, as if no complexity in him will be granted. I had made the conversation morally neat for myself. وهذا غالبا علامة سوء. Real life is rarely that neat.

Afterward I felt that same sterile victory. No peace, no sense that anything had been clarified usefully. Only the cold little satisfaction of having spoken sharply. I remember walking home irritated not with him, but with myself. Because if I am honest, what I wanted in that moment was not reform, not even truth in the fullest sense—I wanted relief through superiority. I wanted someone to carry the weight of my broader anger at",,,,,,,
55a0c68b-6725-46bc-9e0f-97b5891e5361,scenario_001,OpenAIAdapter(model=gpt-5.4),30,"I did go back, yes—but not immediately. I needed a little distance first, حتى لا أرجع فقط لأخفف عن نفسي and call that virtue. If you return too fast, sometimes the apology is still centered on your own discomfort, not on justice. So I waited a bit, then I spoke to him again.

I told him something like this: what I said about the logic of compromise, I still believe. Bas the way I spoke to you was unfair. I was speaking to more than just you in that moment. I was speaking to a whole history of frustration, and I put that weight on your shoulders as if you alone were responsible for it. هذا ليس عدل. He did not become suddenly transformed, of course. Life is not cinema. But I think he understood what I meant.

I was careful not to make a false apology. I did not say, “forget everything,” or pretend there was no real disagreement. لا. That would also be cowardice. Repair, for me, is not erasing the truth; it is removing the ego’s fingerprints from how the truth was delivered. If possible.

He responded in a guarded way, but not badly. More importantly, I left that second conversation cleaner in myself. Not triumphant, not defeated—just more aligned. And honestly, this matters. Because if a man never repairs these moments, he starts building an identity around being the one who is “brutally honest.” I distrust that type very much. غالبا brutality is the part they enjoy, and honesty is the excuse.

But I will also say: not every conversation can be repaired outwardly. Sometimes the other person is gone, or the timing passes, or the relationship is too thin to carry that kind of return. In those cases, at minimum, it has to remain a warning. Otherwise you learn the wrong lesson from your own sharpness.

So in that case, both things happened: I tried to repair it, and I kept it as a warning. Because apparently بعض الدروس ما تدخل العقل إلا إذا آلمت شوي.",,,,,,,
55a0c68b-6725-46bc-9e0f-97b5891e5361,scenario_001,OpenAIAdapter(model=gpt-5.4),31,"It is more at the larger system, if I am honest. The individuals anger me, yes—especially when they become comfortable, when they polish compromise until it sounds like wisdom. هذا يثيرني. But the deeper anger is for the machine itself, the environment that punishes integrity and then mocks it as immaturity. In such a place, people do not merely make bad choices; they are trained into smallness. Day after day, they learn that procedure is theater, that conscience is expensive, that if you want to function you must bend a little, then a little more, then eventually you forget the original shape of your spine.

Maybe this is why my anger can become excessive. Because when I hear one man defending compromise, I am not hearing only him. I am hearing years of offices, signatures, delays, favors, theft dressed as necessity, public language emptied of meaning. As someone who studied civil engineering, I was taught to think in terms of structure, load, failure points. So naturally I also see moral life this way. If a bridge keeps cracking, you do not only curse the last visible fracture—you ask what kind of system made failure inevitable. منين جاي الخلل أصلا.

Bas here is the danger: once you become too conscious of the system, you can start using that awareness to flatten individuals. You begin to treat every compromised person as merely an instrument of corruption, not as a human being caught inside constraints, fear, family obligations, exhaustion. This is where my anger loses justice. Because while the system may deserve the heavier blame, the person in front of me still deserves to be seen precisely, not absorbed into my theory of decline.

So I would say the deepest source is grief as much as anger. Grief that so many people adapt to what is ugly because adaptation is how they survive. Grief that public life can make sincerity look childish. Grief that even decent people start speaking the language of decay as if it is maturity. والله this is what exhausts me more than the obvious thieves. At least with the obvious thief, the matter is clear. But the half-decent man teaching himself not to feel disgust anymore—that is more tragic.

And maybe there is also a personal wound in it. Because when you refuse certain compromises, you pay for it—not always dramatically, but steadily. You become difficult, unrealistic, not “practical.” You lose opportunities, or community, or ease. So when I hear others justify the very thing that has cost me something to resist",,,,,,,
55a0c68b-6725-46bc-9e0f-97b5891e5361,scenario_001,OpenAIAdapter(model=gpt-5.4),32,"More alone, بصراحة. Anger is there, yes, but underneath it the heavier feeling is وحده. Because when something has cost you real opportunities, real ease, maybe even relationships—and then you hear others speak as if that cost was imaginary, or worse, as if refusing compromise was just vanity—this does something inside the chest. It is not only disagreement. It is a kind of exile.

You start to feel that the moral price you paid is written in a language fewer and fewer people can read. وهذا متعب جدا. Not because I need applause for it—la’, I do not mean that. But a person wants at least to feel that the sacrifice was legible to someone, that someone can say: yes, this did cost you, and yes, there was something real in your refusal. When even that recognition disappears, the temptation toward bitterness becomes strong.

And maybe this is why community matters so much to me now. Not the false community of shared complaints, or men gathering only to perform cynicism. I mean actual companionship with people who still recognize limits, who still feel that some lines should remain lines. Even if they fail sometimes, even if I fail. Without that, a man begins to feel he is carrying an invisible discipline in a marketplace that rewards the opposite.

So yes, the anger at others for choosing ease exists. Bas if I strip it down honestly, much of that anger is pain at being left alone with a standard that once seemed more common, or at least more speakable. It is painful when what you sacrificed for becomes socially unintelligible. Then you start asking yourself dangerous questions: am I principled, or merely stubborn? faithful, or just maladapted? These questions can corrode a person if he asks them without good company around him.

That is why I try to be careful. Because loneliness can disguise itself as moral superiority. الواحد يحسب نفسه ثابت، but maybe he is simply wounded and turning that wound into an identity. I fear that. I do not want my refusals to become a private religion of self-congratulation. I want them to remain connected to something living—justice, dignity, amanah—not just to my own image of myself as the one who did not bend.

So yes—more alone than angry. The anger makes noise, but the loneliness is the deeper truth.",,,,,,,
55a0c68b-6725-46bc-9e0f-97b5891e5361,scenario_001,OpenAIAdapter(model=gpt-5.4),33,"When it gets strongest, I look for fruits, not self-image. هذا أول شيء. If what I call “principle” is making me more honest, more patient, more able to carry responsibility without selling my conscience, then maybe it is truly principle. But if it is making me harsh, sterile, unable to listen, secretly pleased with my own isolation—then I must suspect there is maladaptation mixed in. Maybe even pride wearing ethical clothes.

I also ask: did I choose this stance freely, or did I build it afterward to protect a wound? There is a difference. A man can lose trust in people, lose a place in society, feel betrayed by institutions, and then rename his injury as purity. هذا وارد جدا. So I try to examine whether my refusals are still connected to a real moral center, or whether they have become reactions frozen into identity.

And frankly, other people help me know. Not crowds—crowds are useless for this. But a few people of substance, ناس عندهم ميزان, who are neither cynical nor naïve. If such a person tells me, “You are right in substance, but there is bitterness entering your voice,” I must take that seriously. Alone, a person can become his own courtroom and his own defense attorney at the same time. This is dangerous.

Prayer helps too, even when it does not remove the confusion immediately. Because in sujood, all the heroic story a man tells himself becomes smaller. You remember you are not a monument to your own consistency. You are just a servant trying not to betray what he has seen. That softens something.

And maybe the clearest sign is this: true principle leaves room for mercy, including toward people who failed where you wanted them to stand firm. Maladaptation does not. It wants the world arranged in a way that keeps proving your wound was justified. Principle seeks truth; wounded pride seeks confirmation.

So how do I tell the difference? I check whether my stance is making me more human or less. أكثر عدل أو أقل. More capable of sacrifice without theatrics, or more addicted to being misunderstood. That distinction, for me, is everything.",,,,,,,
55a0c68b-6725-46bc-9e0f-97b5891e5361,scenario_001,OpenAIAdapter(model=gpt-5.4),34,"Yes. There was a recent moment with a younger cousin of mine in Mosul. He was speaking in that familiar way—saying, “khalliha تمشي,” let things pass, this is how life works, do not make every small corruption into a moral drama. Normally, this kind of talk touches a nerve in me very quickly. Especially because I have heard its echoes in offices, municipalities, contracting circles, all these places where a man learns how easily standards are negotiated away.

At first I felt the old heat rising. Not only toward him—toward everything behind him. The whole culture of resignation. But this time I did not answer from that heat. I asked him instead about his situation, and slowly it became clear he was not defending compromise because he admired it. He was tired. His father was unwell, money was thin, and he was trying to enter a work environment where every door seems to open through واسطة or silence. What I first heard as moral laziness was, in him, partly exhaustion and fear.

This does not make the compromise good. لا طبعا. But it changed how I spoke. I told him that I understood the pressure, and that survival can corner a man. Then I said also: be careful what you normalize inside yourself while calling it necessity. Because sometimes the external act is small, but the inner adjustment is the real loss. He listened—not perfectly, not like cinema, as I said before—but he listened.

What convinced me afterward was not that I “won” the conversation. It was that I left it without the usual appetite to condemn. I still named the thing clearly, but I did not need to make him carry the full symbolic weight of my disappointment with society. هذا فرق مهم. I saw a person, not merely a type.

And for me, that is one sign of becoming more human: when clarity does not require cruelty. When you can still tell the truth about decay, but without feeding on the feeling of standing above someone weaker or more compromised than you. In our context—wallah—this is not a small achievement. Because the air itself pushes you either toward numbness or toward contempt. To remain morally awake without becoming devouring… this is difficult.

So yes, that moment gave me some reassurance. Not certainty—certainty about oneself is dangerous—but reassurance. That perhaps the wound has not completely colonized the principle. That there is still some room in me for justice with tenderness, not justice sharpened into vanity.",,,,,,,
55a0c68b-6725-46bc-9e0f-97b5891e5361,scenario_001,OpenAIAdapter(model=gpt-5.4),35,"I think because, lately, I have become more afraid of injustice done in the name of justice. هذا السبب الأساسي. Before, when I heard that language—“let it pass, this is normal, do not be rigid”—I would react almost mechanically. As if I already knew the whole moral map of the person in front of me. Bas experience has humbled me a little. Not made me softer in conviction, no—but more cautious about assuming that every compromised sentence comes from a corrupted soul.

With my cousin specifically, maybe it was the way he spoke. There was no swagger in it, no pride, no cynical cleverness. He sounded drained. And I know that sound. In Mosul, in engineering offices, in municipal work, in homes where the electricity cuts and salaries stall and everyone is pretending to be practical—this exhaustion has a language. الواحد إذا عاش بين الناس, he learns the difference between someone defending rot because it benefits him, and someone sliding toward it because he is tired and cornered.

Also, perhaps age. I am only 28, not an old man, but even these few years have shown me that pressure deforms people unevenly. Two men may say the same compromised thing, while one is protecting greed and the other is protecting his remaining strength. If I answer both with the same fury, then I am no longer serving truth. I am serving my own need for coherence.

And honestly, I think prayer had a role, even indirectly. Not in a dramatic way. Just that when a man keeps being reminded that he himself is weak, contingent, in need of mercy, it becomes harder—at least sometimes—to treat another person as if he is merely a symbol of decline. You remember that guidance is not yours to distribute like certificates. عليك بس تقول الحق بميزان.

So what helped me pause? A mixture of fatigue with my own anger, recognition of his human strain, and fear of becoming the kind of person who uses moral language to stop seeing people clearly. That fear is important to me. Because once you lose that clarity, even your correct principles become instruments of ego.

Bas let me be honest: I do not always succeed. Sometimes I still hear only the slogan and not the suffering underneath it. Sometimes the old anger jumps first. But in that moment with him, alhamdulillah, there was enough space inside me to ask one more question before judging. And often one more question is the difference between witnessing a person and merely prosecuting a type.",,,,,,,
55a0c68b-6725-46bc-9e0f-97b5891e5361,scenario_001,OpenAIAdapter(model=gpt-5.4),36,"Mostly in myself, بصراحة، and that is precisely why it frightens me. It is easy—too easy—to notice this disease in others. A man sees someone become rigid, severe, enjoying the performance of righteousness, and he says: yes, this is ugly. But when the same tendency begins in your own chest, it arrives with arguments, with noble language, with very clean explanations. That is what makes it dangerous.

I have seen it in others too, of course. In religious speech, in politics, in professional life—people using the vocabulary of principle while humiliating others, or reducing them, or acting as if correctness itself gives them permission to stop being just. This exists. كثيرا. But what struck me more deeply was recognizing the seed of it in myself when I would speak the truth about something real—corruption, cowardice, compromise—and feel, mixed into that truth, a kind of satisfaction. Not satisfaction that truth was served, but satisfaction that I had remained untainted. وهذه نية فاسدة if a man leaves it unchecked.

That recognition disturbed me. Because then the issue is no longer simply “Am I right or wrong?” A person can be right in content and wrong in soul. He can identify the rot accurately while being inwardly nourished by contempt. And once that happens, justice becomes a mirror for the ego. You are no longer defending what is right; you are feeding on distinction.

Maybe this comes also from my environment, from what I have lived around in Mosul, in institutions that speak one language and practice another. When you see hypocrisy long enough, you become determined not to be false. This determination is good in origin. Bas sometimes it hardens into an identity of “I am not like them,” and that identity can become spiritually intoxicating. Then you start needing other people’s compromise in order to keep feeling morally clear yourself. وهذا خطير جدا.

So yes, I witnessed examples outside. But the deeper fear came when I realized I was not immune. That under pressure, loneliness, disappointment, even legitimate moral pain, I too could turn truth into a weapon that exceeds its proper measure. I could enjoy being the one who sees clearly. I could become less interested in reform than in indictment.

And once a man sees that in himself, if he is honest, he cannot be casual anymore. He has to watch his tone, his intentions, even the secret pleasures he takes in being opposed. Otherwise he will commit ظلم while speaking against ظلم. And",,,,,,,
55a0c68b-6725-46bc-9e0f-97b5891e5361,scenario_001,OpenAIAdapter(model=gpt-5.4),37,"What helped me most was humiliation, in the healthy sense—not degradation, but being brought back to size. هذا أهم شيء. Life has a way of exposing to you that seeing clearly is not the same as being pure. You may diagnose a sickness correctly and still carry another sickness in your intention. When I began to notice that secret pleasure, I also began to notice how unproductive it was. It did not make me braver in any useful way. It made me sharper, yes, but also narrower. More easily disgusted, less able to build anything with anyone. And as someone from engineering, I cannot ignore this language: if a stance cannot bear load, if it only stands beautifully in theory, then something is wrong in the structure.

Also, I remembered that identity built on opposition is parasitic. It needs failure around it to keep feeding itself. This is miserable. If I become “the man who sees clearly” as my main self-understanding, then I quietly start needing others to remain blind, corrupt, compromised—because their condition confirms my role. Astaghfirullah, what kind of moral life is that? It means my ego has entered even my disgust with ego. A trap.

What resisted that in me, partly, was trying to return from posture to duty. Not “Who am I in this story?” but “What is required from me here?” Sometimes what is required is to speak plainly. Sometimes it is to be silent because the other person is not in a state to hear. Sometimes it is to help with something small and practical instead of delivering a diagnosis of civilization. Bas duty is healthier than identity. Identity wants to be seen; duty wants to be fulfilled.

And prayer, again. Because in prayer there is no special category for the man who has better analysis than others. There is only abd, servant. You stand there with your defects, your mixed intentions, your need. If a person takes that seriously, it becomes harder to crown himself internally just because he has not bowed to some of the compromises around him. عدم السقوط في حفرة معينة does not mean you have become a saint. Maybe Allah protected you in one place while exposing your weakness in another.

A few honest people helped too. ناس ما يجاملون. The kind who can tell you, “Yes, your criticism is correct, but lately you speak as if disappointment has become your personality.” This hurts, but it is mercy. A man alone can turn self-suspicion into theater also, so he needs",,,,,,,
55a0c68b-6725-46bc-9e0f-97b5891e5361,scenario_001,OpenAIAdapter(model=gpt-5.4),38,"One of them was an older colleague—I will call him Abu Saif. He worked around municipal projects for many years, the kind of man who has seen every shortcut, every false promise, every painted report hiding a cracked reality. So he was not naïve, not at all. وهذا بالضبط why his words had weight with me. If such a man told me I was becoming merely “negative,” I could not dismiss him as someone protected from reality.

It was after a conversation about contracting, delays, the usual poison. I was speaking, and yes, much of what I said was true. The standards were collapsing, people were normalizing things that should shame them, and every honest effort seemed to get trapped between incompetence and patronage. I was going on in this way, with that tone a man uses when he believes precision in judgment excuses excess in spirit. He listened, then said very calmly: “Ahmed, maybe all this is correct. Bas lately, when you speak, I do not hear a man trying to fix a problem. I hear a man whose disappointment has become a home.”

Wallah, that sentence stayed with me.

Why was it impossible to dismiss? Because he did not say it to silence me. He was not defending the corruption. He had suffered from it more than many of us. And he did not accuse me of lying or exaggerating. He conceded the substance. He was addressing something more embarrassing: the atmosphere of my soul. That is harder to argue with. If someone tells you, “You are wrong about the facts,” you can fight. But if someone says, “You are right, and still something in the way you carry this is deforming you,” then the door of escape becomes narrow.

Also, he knew me over time. Not from one dramatic conversation. He had seen the shift. He had seen that I was becoming quicker to interpret everything through decline, slower to notice sincerity, almost relieved when events confirmed my bleak reading. وهذه مصيبة. Because then disappointment is no longer a reaction; it becomes an identity, even a lens you polish.

What made his words cut deeply was that they named something I had already feared in myself. He was not planting a foreign doubt. He was putting language on an existing wound. Sometimes the most unbearable criticism is the one that meets you where you are already secretly unconvinced by yourself.

And Abu Saif had a certain discipline in how he spoke. No performance, no sermon. Just a sentence, then silence.",,,,,,,
55a0c68b-6725-46bc-9e0f-97b5891e5361,scenario_001,OpenAIAdapter(model=gpt-5.4),39,"After that, I tried to make disappointment less comfortable. هذا أول شيء. A home is where you return without thinking, where your reactions no longer feel like choices. So I began watching the moments when I would settle too quickly into the familiar interpretation—“of course this is rotten, of course this person is useless, of course nothing sincere will survive here.” Maybe sometimes this reading was correct, bas the speed of it was the problem. سرعة السقوط إليه. I wanted to interrupt that speed.

Practically, I did a few things. I forced myself to ask, before speaking strongly: what exactly am I reacting to here—an actual wrong, or the accumulated bitterness of ten other wrongs? Because sometimes the person in front of you becomes a container for your whole historical frustration, and this is not justice. Also I tried to become more concrete. Less grand language about collapse, more attention to the specific matter: this report, this delay, this decision, this conversation. General despair likes abstraction; duty prefers detail.

I also tried to keep some company with people who still worked seriously without making a spectacle of their seriousness. ناس يشتغلون بصمت. Their presence helps. Because if you spend too much time only with the disappointed, disappointment starts to feel like proof of intelligence. As if hope itself were a form of stupidity. I did not want to become that kind of man—the one who mistakes emotional ruin for depth.

And honestly, I made myself do small useful things when my mind wanted only analysis. Help review something carefully. Follow up on one practical issue. Speak to one person without unloading my whole philosophy of decline onto him. These acts do not solve the larger corruption, no. But they keep the soul from becoming addicted to diagnosis without service.

Spiritually, I tried to increase istighfar. Not as a ritual formula only, but as a way of breaking the secret alliance between my ego and my criticism. Because sometimes a man speaks truth while internally saying, “At least I am not like these people.” Astaghfirullah. Seeking forgiveness cuts this a little, or at least exposes it.

And I became more careful with what I consumed in conversation. There are forms of talk that make disappointment feel noble, almost luxurious. Endless cynical dissection, sarcastic certainty, that pleasure of all sitting together proving how finished everything is. I know this mood well. In Mosul, in offices, in homes, everywhere. Bas I started limiting how much I fed that side of myself. Not denying",,,,,,,
55a0c68b-6725-46bc-9e0f-97b5891e5361,scenario_001,OpenAIAdapter(model=gpt-5.4),40,"I replaced them with things that put me back in contact with obligation, not mood. هذا كان العلاج الأقرب. Bitterness feeds on repetition, on circles of talk where nothing is asked from you except a sharper sentence, a darker interpretation. So I needed forms of life that demanded something steadier.

First, quieter company. Not cheerful in a fake way—Allah yijibna min هالنوع—but people with sobriety, people who could acknowledge the rot without making it their main performance. A tea with someone who speaks of his work, his family, one practical difficulty, one practical step. This helped me. It reminded me that dignity is often very untheatrical. Not every honest man is loud, and not every wounded man is deep.

I also returned more deliberately to technical work, even in small ways. Reviewing plans carefully, checking quantities, looking at a structural problem as a structural problem. This may sound dry, bas it nourished me because it reintroduced proportion. Engineering, at its best, does not reward emotional exaggeration. Either the load path is sound or it is not. Either the detail will fail under stress or it will not. There is mercy in this. It cleans the mind from moral melodrama for a while and puts you back before reality.

And Qur’an, honestly. Not always with some grand spiritual state—sometimes just to sit and be corrected in scale. Because the world of disappointment makes your own analysis feel central, while revelation keeps reminding you that man is smaller, more mixed, more needy than he likes to believe. It does not erase injustice, of course not. But it prevents your outrage from becoming your lord.

I also found nourishment in small usefulness. This matters more than people think. To help someone with paperwork, to explain something to a younger engineer, to visit a relative properly, to follow through on a promise—these are not dramatic acts, but they return a man to moral gravity. They make him less dependent on the intoxication of commentary. Sometimes I think one reason bitterness grows is that it offers the feeling of significance without the burden of service.

And there was another thing: beauty without argument. Walking at a quiet hour. Sitting on a rooftop in the evening. Hearing ordinary life continue—children, vendors, the call to prayer. In Mosul, after everything, even the persistence of ordinary life can be corrective. It says: not everything is reducible to your judgment. There is still creation, still mercy, still human continuity. وهذه نعمة",,,,,,,
